trip_distance_id,trip_distance
0,19.98
1,17.56
2,2.86
3,0.66
4,10.65
5,3.26
6,15.5
7,8.51
8,9.13
9,17.52
10,9.55
11,16.75
12,1.82
13,5.86
14,6.96
15,19.27
16,16.54
17,20.49
18,11.53
19,2.4
20,4.19
21,0.84
22,5.78
23,5.05
24,0.07
25,14.18
26,21.72
27,20.21
28,18.78
29,9.72
30,2.82
31,10.2
32,1.41
33,2.41
34,5.13
35,9.49
36,8.0
37,18.57
38,10.82
39,5.48
40,7.91
41,18.3
42,2.62
43,5.76
44,20.38
45,9.41
46,8.92
47,15.62
48,8.43
49,14.07
50,12.03
51,0.0
52,0.87
53,4.88
54,6.17
55,20.35
56,6.44
57,8.31
58,8.83
59,15.27
60,18.03
61,3.02
62,4.92
63,14.87
64,7.39
65,11.45
66,18.91
67,10.23
68,14.11
69,24.74
70,9.77
71,17.9
72,1.42
73,5.4
74,2.55
75,7.42
76,4.23
77,11.54
78,11.4
79,6.27
80,12.79
81,1.31
82,4.02
83,6.43
84,12.64
85,19.11
86,7.0
87,11.14
88,12.82
89,1.16
90,8.97
91,3.08
92,0.16
93,4.36
94,9.34
95,15.48
96,8.48
97,15.9
98,13.26
99,15.34
100,0.93
101,3.57
102,12.93
103,20.53
104,18.14
105,4.93
106,12.85
107,11.35
108,7.84
109,12.43
110,3.5
111,3.56
112,11.42
113,18.82
114,9.5
115,2.28
116,6.37
117,17.58
118,6.1
119,16.39
120,14.64
121,17.53
122,8.99
123,0.89
124,18.34
125,2.64
126,1.69
127,11.27
128,5.34
129,3.33
130,4.34
131,8.79
132,8.36
133,14.69
134,11.6
135,8.54
136,0.18
137,3.88
138,8.55
139,11.66
140,11.08
141,17.15
142,9.51
143,21.76
144,14.41
145,7.7
146,2.84
147,3.93
148,3.19
149,8.85
150,9.95
151,3.45
152,2.97
153,10.69
154,6.41
155,10.76
156,17.79
157,7.36
158,15.66
159,0.2
160,2.02
161,1.08
162,1.25
163,3.35
164,2.79
165,10.88
166,14.12
167,20.68
168,10.77
169,12.28
170,9.78
171,17.3
172,2.85
173,1.44
174,1.54
175,5.45
176,20.5
177,16.91
178,6.6
179,12.13
180,19.23
181,11.62
182,36.25
183,1.89
184,3.64
185,5.47
186,13.12
187,9.97
188,3.65
189,3.42
190,8.71
191,2.63
192,5.95
193,8.29
194,7.61
195,8.06
196,11.52
197,17.16
198,18.93
199,1.72
200,11.59
201,4.41
202,10.54
203,13.54
204,19.01
205,17.43
206,7.01
207,13.3
208,10.03
209,18.19
210,13.17
211,8.7
212,12.02
213,18.9
214,17.06
215,5.84
216,10.71
217,13.44
218,14.93
219,16.46
220,2.9
221,10.78
222,1.63
223,15.79
224,19.54
225,7.22
226,6.66
227,6.91
228,16.84
229,5.88
230,3.7
231,18.81
232,3.23
233,4.27
234,5.11
235,5.69
236,10.56
237,10.86
238,5.42
239,6.28
240,2.94
241,3.62
242,2.35
243,1.52
244,3.96
245,18.36
246,6.54
247,40.27
248,4.5
249,18.17
250,17.42
251,0.05
252,10.3
253,21.4
254,20.26
255,8.93
256,3.66
257,1.94
258,7.03
259,10.13
260,9.99
261,14.99
262,3.11
263,2.61
264,17.47
265,17.83
266,18.79
267,8.15
268,26.46
269,5.01
270,18.18
271,10.04
272,11.26
273,0.39
274,2.21
275,4.39
276,10.94
277,5.7
278,1.4
279,4.56
280,17.36
281,17.78
282,5.74
283,7.94
284,11.36
285,0.79
286,7.06
287,5.56
288,18.41
289,16.49
290,19.69
291,4.53
292,7.96
293,16.47
294,7.88
295,5.66
296,0.72
297,1.05
298,2.27
299,5.62
300,10.37
301,6.73
302,7.62
303,16.21
304,5.63
305,16.76
306,18.01
307,1.7
308,20.2
309,5.96
310,3.01
311,4.49
312,6.7
313,7.65
314,9.81
315,17.91
316,9.25
317,22.17
318,9.75
319,2.34
320,9.67
321,11.72
322,19.39
323,4.06
324,6.09
325,0.7
326,0.24
327,10.06
328,18.75
329,12.15
330,11.17
331,15.8
332,4.33
333,2.3
334,7.4
335,2.96
336,11.93
337,8.28
338,1.49
339,6.69
340,18.44
341,4.08
342,13.55
343,13.62
344,19.91
345,8.76
346,16.92
347,0.54
348,6.5
349,8.18
350,16.55
351,10.87
352,8.91
353,16.85
354,10.47
355,8.82
356,22.35
357,0.21
358,6.63
359,3.77
360,1.35
361,2.65
362,13.38
363,8.77
364,26.27
365,21.2
366,8.12
367,9.31
368,13.03
369,7.33
370,28.64
371,4.75
372,19.36
373,19.6
374,7.15
375,10.95
376,0.1
377,17.76
378,18.13
379,3.4
380,3.05
381,7.37
382,10.52
383,7.12
384,7.32
385,20.96
386,8.39
387,7.59
388,3.03
389,17.82
390,9.47
391,6.23
392,19.64
393,3.83
394,13.29
395,10.29
396,2.03
397,25.21
398,4.12
399,3.72
400,16.41
401,19.63
402,1.97
403,6.71
404,1.66
405,0.45
406,5.35
407,11.46
408,3.61
409,19.32
410,22.65
411,10.89
412,12.39
413,2.73
414,4.07
415,17.1
416,7.25
417,23.86
418,6.19
419,8.41
420,0.61
421,2.11
422,5.27
423,4.55
424,12.37
425,9.87
426,7.97
427,4.26
428,3.14
429,10.93
430,9.48
431,12.74
432,16.7
433,4.45
434,17.71
435,6.77
436,2.36
437,2.76
438,4.24
439,10.79
440,16.5
441,0.12
442,3.38
443,19.57
444,5.32
445,19.04
446,1.74
447,5.38
448,6.21
449,17.37
450,18.52
451,12.8
452,11.86
453,3.85
454,8.74
455,4.9
456,3.98
457,20.78
458,10.99
459,6.22
460,15.19
461,8.4
462,0.99
463,18.67
464,9.93
465,10.35
466,11.77
467,10.07
468,2.5
469,2.04
470,1.01
471,4.78
472,17.07
473,10.18
474,12.88
475,6.86
476,16.28
477,1.11
478,2.15
479,2.18
480,5.24
481,16.97
482,16.8
483,19.51
484,1.0
485,6.05
486,18.85
487,2.37
488,4.46
489,6.85
490,6.92
491,15.17
492,1.07
493,1.65
494,2.01
495,5.02
496,9.8
497,7.76
498,12.67
499,10.22
500,15.06
501,8.65
502,12.04
503,13.13
504,7.51
505,11.92
506,12.57
507,11.84
508,7.95
509,2.45
510,6.79
511,16.53
512,10.85
513,9.35
514,16.15
515,0.6
516,1.51
517,2.81
518,1.06
519,8.78
520,12.3
521,11.23
522,9.42
523,17.81
524,18.4
525,2.99
526,3.1
527,14.76
528,1.76
529,12.1
530,8.53
531,18.5
532,20.99
533,6.87
534,16.63
535,11.41
536,12.59
537,1.88
538,3.18
539,1.86
540,11.73
541,9.74
542,18.1
543,10.33
544,20.1
545,17.28
546,16.96
547,5.92
548,5.57
549,1.99
550,0.64
551,3.67
552,12.9
553,12.62
554,13.57
555,6.47
556,0.8
557,2.7
558,4.81
559,19.02
560,3.36
561,3.74
562,14.24
563,9.69
564,26.05
565,14.28
566,4.44
567,2.68
568,22.56
569,4.01
570,11.58
571,18.49
572,10.66
573,4.1
574,2.52
575,3.58
576,6.62
577,9.21
578,13.39
579,19.22
580,0.09
581,2.2
582,2.54
583,18.04
584,3.82
585,2.78
586,2.33
587,0.63
588,7.49
589,21.83
590,16.86
591,6.39
592,3.12
593,3.71
594,1.68
595,15.46
596,11.29
597,15.08
598,25.62
599,12.4
600,7.34
601,2.8
602,4.51
603,0.92
604,3.31
605,13.73
606,4.52
607,1.43
608,6.07
609,10.96
610,1.22
611,4.74
612,19.65
613,9.36
614,6.18
615,0.19
616,10.58
617,12.31
618,16.18
619,4.79
620,4.63
621,8.6
622,18.29
623,9.3
624,9.85
625,8.8
626,11.51
627,13.32
628,1.53
629,6.25
630,10.48
631,18.15
632,21.28
633,9.45
634,7.68
635,7.54
636,21.25
637,15.83
638,0.42
639,3.84
640,11.82
641,10.09
642,15.75
643,22.58
644,5.46
645,0.04
646,5.08
647,7.67
648,4.42
649,10.68
650,15.2
651,7.26
652,2.46
653,0.35
654,7.45
655,12.44
656,11.2
657,12.87
658,6.42
659,7.48
660,16.03
661,11.43
662,5.17
663,17.77
664,1.45
665,20.67
666,5.58
667,6.45
668,7.35
669,6.56
670,7.58
671,10.51
672,15.01
673,0.49
674,1.46
675,7.83
676,17.14
677,21.8
678,16.29
679,11.68
680,6.53
681,4.0
682,7.5
683,4.99
684,12.98
685,12.14
686,21.16
687,11.1
688,11.83
689,13.28
690,1.98
691,4.58
692,7.21
693,4.96
694,18.16
695,0.88
696,0.68
697,1.9
698,5.19
699,15.69
700,0.14
701,1.15
702,2.05
703,22.15
704,11.03
705,18.71
706,10.1
707,3.24
708,8.01
709,5.73
710,2.16
711,3.53
712,3.21
713,17.99
714,6.65
715,7.69
716,16.88
717,8.37
718,6.11
719,7.23
720,16.37
721,3.9
722,8.81
723,2.74
724,3.07
725,22.75
726,13.79
727,11.31
728,6.26
729,3.69
730,12.16
731,13.2
732,14.22
733,19.35
734,3.22
735,4.37
736,6.02
737,19.31
738,11.04
739,9.27
740,22.23
741,7.38
742,21.93
743,4.94
744,6.31
745,9.37
746,10.8
747,7.16
748,18.32
749,8.16
750,13.59
751,15.38
752,18.99
753,7.09
754,2.31
755,1.18
756,20.58
757,8.9
758,10.81
759,1.84
760,3.06
761,2.12
762,5.18
763,29.22
764,18.74
765,11.57
766,17.23
767,9.62
768,1.56
769,5.89
770,6.49
771,21.03
772,8.56
773,8.68
774,17.63
775,9.56
776,13.83
777,1.87
778,11.79
779,19.99
780,45.68
781,9.44
782,10.31
783,14.51
784,15.51
785,6.2
786,1.95
787,2.83
788,25.82
789,20.29
790,9.46
791,2.89
792,13.92
793,12.55
794,2.42
795,0.57
796,7.87
797,9.4
798,0.34
799,6.67
800,20.56
801,11.97
802,0.5
803,5.39
804,5.06
805,1.58
806,18.11
807,10.6
808,16.78
809,12.95
810,10.53
811,1.37
812,0.75
813,4.77
814,5.55
815,8.05
816,9.61
817,13.16
818,18.23
819,0.62
820,9.82
821,10.62
822,9.68
823,3.8
824,10.26
825,0.38
826,7.27
827,13.72
828,7.02
829,12.22
830,17.74
831,18.95
832,10.27
833,7.56
834,11.47
835,5.1
836,0.98
837,0.96
838,3.81
839,4.31
840,6.99
841,29.32
842,9.39
843,2.67
844,0.86
845,4.66
846,0.97
847,9.06
848,5.64
849,10.46
850,0.23
851,13.23
852,13.51
853,13.56
854,9.9
855,1.23
856,4.2
857,20.3
858,4.65
859,6.94
860,21.04
861,16.94
862,11.16
863,9.6
864,9.11
865,11.32
866,13.46
867,15.31
868,1.3
869,2.19
870,5.83
871,10.61
872,14.98
873,8.45
874,2.07
875,9.98
876,19.24
877,14.56
878,7.71
879,12.99
880,14.66
881,15.3
882,11.95
883,18.26
884,12.24
885,9.24
886,8.87
887,3.92
888,3.48
889,10.97
890,7.3
891,7.52
892,7.66
893,9.88
894,8.52
895,17.51
896,18.48
897,1.93
898,8.04
899,5.09
900,16.32
901,3.34
902,13.27
903,3.52
904,4.3
905,13.93
906,6.78
907,4.13
908,4.18
909,5.44
910,19.03
911,18.05
912,0.32
913,7.74
914,18.06
915,6.98
916,9.02
917,5.81
918,4.71
919,11.0
920,8.21
921,16.74
922,9.33
923,2.77
924,17.66
925,13.71
926,7.9
927,5.52
928,2.75
929,5.99
930,2.47
931,2.93
932,5.03
933,15.81
934,16.9
935,9.29
936,17.69
937,17.98
938,10.7
939,14.58
940,4.7
941,6.04
942,5.3
943,3.51
944,10.02
945,17.62
946,11.69
947,12.21
948,9.96
949,16.44
950,1.13
951,5.97
952,13.5
953,19.59
954,12.42
955,10.32
956,14.84
957,15.11
958,8.5
959,6.38
960,0.52
961,1.79
962,0.76
963,0.51
964,3.99
965,19.85
966,10.45
967,14.0
968,11.05
969,8.27
970,2.38
971,0.67
972,3.09
973,0.78
974,5.23
975,6.95
976,6.12
977,6.57
978,11.34
979,16.81
980,1.78
981,12.07
982,8.66
983,4.48
984,9.26
985,13.64
986,16.08
987,20.7
988,2.87
989,2.25
990,11.96
991,17.34
992,9.73
993,4.98
994,7.44
995,8.34
996,10.36
997,11.85
998,16.66
999,17.93
1000,2.39
1001,8.17
1002,4.72
1003,14.04
1004,9.71
1005,21.37
1006,0.85
1007,1.62
1008,6.72
1009,3.27
1010,4.22
1011,0.4
1012,18.39
1013,5.85
1014,21.56
1015,1.19
1016,22.0
1017,18.98
1018,8.03
1019,14.36
1020,10.72
1021,3.2
1022,3.32
1023,7.82
1024,4.89
1025,21.14
1026,21.82
1027,1.24
1028,13.45
1029,3.63
1030,0.08
1031,3.76
1032,11.49
1033,12.2
1034,0.56
1035,10.74
1036,6.01
1037,5.15
1038,16.45
1039,8.26
1040,7.2
1041,11.56
1042,8.23
1043,6.55
1044,21.01
1045,11.01
1046,14.25
1047,8.42
1048,9.57
1049,5.87
1050,14.3
1051,2.14
1052,17.38
1053,3.15
1054,1.39
1055,0.26
1056,4.38
1057,14.33
1058,5.93
1059,0.15
1060,11.25
1061,5.65
1062,17.46
1063,11.67
1064,4.83
1065,0.55
1066,2.59
1067,1.6
1068,17.18
1069,11.12
1070,3.43
1071,6.15
1072,9.23
1073,14.09
1074,13.69
1075,7.63
1076,5.72
1077,0.71
1078,1.04
1079,2.23
1080,3.54
1081,0.65
1082,4.97
1083,16.98
1084,7.99
1085,7.6
1086,6.24
1087,12.76
1088,2.95
1089,0.37
1090,7.64
1091,14.44
1092,20.45
1093,2.49
1094,12.75
1095,12.6
1096,16.64
1097,6.34
1098,8.07
1099,14.62
1100,16.72
1101,1.32
1102,9.16
1103,17.44
1104,10.98
1105,12.65
1106,14.59
1107,1.36
1108,5.68
1109,9.22
1110,10.28
1111,3.0
1112,4.67
1113,4.95
1114,29.3
1115,0.03
1116,20.84
1117,17.31
1118,2.72
1119,1.57
1120,0.81
1121,0.36
1122,9.01
1123,19.92
1124,4.87
1125,5.29
1126,4.47
1127,15.57
1128,11.24
1129,8.64
1130,6.52
1131,6.33
1132,11.44
1133,4.05
1134,0.47
1135,12.05
1136,1.71
1137,5.37
1138,13.42
1139,12.09
1140,9.76
1141,16.79
1142,7.19
1143,17.24
1144,2.17
1145,12.33
1146,8.08
1147,13.6
1148,12.25
1149,1.14
1150,18.31
1151,11.98
1152,5.91
1153,20.32
1154,19.4
1155,3.37
1156,17.49
1157,1.26
1158,8.35
1159,8.44
1160,2.24
1161,4.61
1162,18.22
1163,8.96
1164,5.21
1165,6.75
1166,19.71
1167,4.15
1168,9.52
1169,15.98
1170,7.05
1171,11.76
1172,13.47
1173,7.18
1174,0.53
1175,2.22
1176,20.89
1177,6.82
1178,10.41
1179,2.0
1180,10.34
1181,0.94
1182,10.55
1183,13.09
1184,6.89
1185,14.1
1186,6.16
1187,3.46
1188,8.72
1189,5.71
1190,9.63
1191,6.74
1192,1.1
1193,3.87
1194,1.12
1195,18.54
1196,9.54
1197,4.35
1198,10.9
1199,18.25
1200,1.2
1201,2.58
1202,4.29
1203,18.64
1204,4.16
1205,16.23
1206,12.17
1207,1.47
1208,4.14
1209,10.75
1210,4.43
1211,3.39
1212,0.17
1213,7.98
1214,17.0
1215,8.61
1216,10.15
1217,0.9
1218,3.44
1219,11.19
1220,17.73
1221,21.46
1222,10.19
1223,6.9
1224,1.03
1225,8.63
1226,7.93
1227,1.8
1228,1.5
1229,5.59
1230,8.95
1231,0.25
1232,9.17
1233,7.14
1234,12.53
1235,16.95
1236,9.1
1237,4.21
1238,1.77
1239,8.2
1240,12.34
1241,8.02
1242,11.07
1243,19.49
1244,10.21
1245,15.54
1246,9.03
1247,6.8
1248,2.44
1249,3.47
1250,11.28
1251,7.04
1252,15.86
1253,8.98
1254,4.57
1255,7.8
1256,16.83
1257,18.35
1258,6.3
1259,1.27
1260,1.73
1261,6.76
1262,2.6
1263,12.54
1264,4.17
1265,1.85
1266,16.77
1267,14.32
1268,9.94
1269,22.78
1270,8.25
1271,7.78
1272,10.57
1273,8.13
1274,9.92
1275,19.46
1276,14.47
1277,3.25
1278,1.81
1279,0.44
1280,6.32
1281,8.86
1282,4.25
1283,12.48
1284,9.83
1285,12.7
1286,19.06
1287,15.13
1288,1.92
1289,11.15
1290,0.43
1291,3.04
1292,8.59
1293,19.08
1294,12.35
1295,15.59
1296,9.28
1297,11.88
1298,16.05
1299,3.91
1300,0.01
1301,3.29
1302,3.78
1303,19.28
1304,18.45
1305,43.65
1306,10.0
1307,2.09
1308,1.61
1309,17.89
1310,2.48
1311,8.19
1312,2.98
1313,8.89
1314,5.43
1315,6.29
1316,13.97
1317,12.11
1318,9.86
1319,18.69
1320,4.09
1321,8.46
1322,20.54
1323,18.97
1324,10.91
1325,7.57
1326,18.89
1327,15.14
1328,13.02
1329,4.76
1330,0.59
1331,17.17
1332,21.24
1333,44.49
1334,11.55
1335,4.86
1336,12.29
1337,34.95
1338,8.88
1339,5.14
1340,3.17
1341,1.34
1342,2.08
1343,4.4
1344,7.11
1345,11.38
1346,4.8
1347,5.49
1348,13.87
1349,5.9
1350,10.38
1351,7.72
1352,1.33
1353,16.27
1354,4.91
1355,6.14
1356,5.26
1357,5.07
1358,17.8
1359,7.77
1360,7.79
1361,4.59
1362,13.01
1363,4.54
1364,18.08
1365,5.75
1366,11.71
1367,21.59
1368,0.46
1369,8.09
1370,17.45
1371,10.4
1372,0.13
1373,14.27
1374,11.22
1375,7.07
1376,0.11
1377,13.34
1378,3.68
1379,5.2
1380,19.43
1381,7.89
1382,17.85
1383,0.33
1384,6.84
1385,12.36
1386,19.67
1387,18.46
1388,0.58
1389,17.55
1390,6.64
1391,20.02
1392,8.67
1393,1.91
1394,2.53
1395,4.6
1396,0.74
1397,0.02
1398,2.26
1399,3.86
1400,3.41
1401,19.44
1402,12.71
1403,20.28
1404,0.73
1405,19.47
1406,18.24
1407,1.75
1408,6.4
1409,6.0
1410,19.88
1411,16.2
1412,5.53
1413,19.93
1414,15.18
1415,1.55
1416,4.03
1417,17.39
1418,10.84
1419,30.43
1420,0.3
1421,4.64
1422,5.79
1423,4.04
1424,5.12
1425,2.69
1426,4.28
1427,1.09
1428,28.2
1429,1.83
1430,3.6
1431,7.75
1432,0.27
1433,5.22
1434,7.46
1435,19.26
1436,0.77
1437,9.66
1438,2.92
1439,3.16
1440,6.06
1441,9.05
1442,6.13
1443,17.61
1444,5.82
1445,13.88
1446,21.32
1447,17.41
1448,14.97
1449,6.88
1450,8.58
1451,17.4
1452,35.94
1453,8.32
1454,9.2
1455,4.84
1456,2.29
1457,5.0
1458,9.84
1459,8.38
1460,2.88
1461,11.75
1462,12.69
1463,13.22
1464,3.49
1465,12.92
1466,2.43
1467,9.7
1468,5.36
1469,21.63
1470,8.24
1471,10.44
1472,1.29
1473,3.94
1474,4.68
1475,1.64
1476,0.29
1477,11.9
1478,9.12
1479,5.31
1480,6.81
1481,2.13
1482,3.75
1483,9.53
1484,10.16
1485,6.46
1486,9.65
1487,27.67
1488,6.59
1489,2.1
1490,16.3
1491,7.53
1492,9.08
1493,12.91
1494,4.73
1495,7.13
1496,19.45
1497,17.59
1498,14.26
1499,0.41
1500,6.48
1501,10.64
1502,11.7
1503,8.3
1504,17.09
1505,18.84
1506,20.23
1507,15.07
1508,12.68
1509,9.14
1510,10.42
1511,3.79
1512,2.32
1513,8.14
1514,17.32
1515,7.31
1516,5.41
1517,8.62
1518,16.16
1519,17.26
1520,5.33
1521,8.47
1522,25.32
1523,48.18
1524,1.96
1525,1.02
1526,0.82
1527,1.48
1528,7.47
1529,19.86
1530,12.77
1531,30.13
1532,5.16
1533,6.03
1534,0.91
1535,2.06
1536,6.35
1537,7.73
1538,4.82
1539,8.33
1540,7.85
1541,2.51
1542,3.13
1543,0.69
1544,6.36
1545,9.07
1546,6.51
1547,5.8
1548,12.84
1549,11.48
1550,9.32
1551,17.86
1552,16.35
1553,13.94
1554,20.6
1555,17.04
1556,16.62
1557,4.62
1558,8.22
1559,7.86
1560,15.03
1561,17.29
1562,16.48
1563,0.95
1564,0.83
1565,4.85
1566,1.17
1567,3.97
1568,11.3
1569,9.0
1570,0.22
1571,9.18
1572,17.19
1573,17.94
1574,13.33
1575,17.05
1576,11.11
1577,2.66
1578,9.79
1579,0.31
1580,19.17
1581,9.04
1582,5.5
1583,6.58
1584,5.04
1585,6.68
1586,10.83
1587,11.33
1588,6.61
1589,6.93
1590,5.28
1591,11.39
1592,15.99
1593,3.28
1594,10.17
1595,7.41
1596,1.67
1597,11.06
1598,3.59
1599,3.89
1600,7.17
1601,6.83
1602,7.28
1603,3.3
1604,5.77
1605,3.73
1606,11.18
1607,5.25
1608,12.06
1609,14.57
1610,17.35
1611,5.94
1612,14.74
1613,10.92
1614,3.55
1615,12.0
1616,5.98
1617,4.32
1618,14.65
1619,5.67
1620,7.1
1621,12.41
1622,13.66
1623,1.21
1624,5.54
1625,8.1
1626,9.09
1627,5.61
1628,16.68
1629,6.08
1630,5.6
1631,16.51
1632,2.91
1633,2.56
1634,4.69
1635,17.6
1636,8.57
1637,4.11
1638,12.45
1639,19.97
1640,0.06
1641,10.39
1642,1.59
1643,0.48
1644,5.51
1645,7.43
1646,9.19
1647,12.58
1648,8.11
1649,9.64
1650,8.69
1651,14.72
1652,7.29
1653,13.74
1654,2.71
1655,2.57
1656,10.49
1657,0.28
1658,20.48
1659,16.4
1660,11.91
1661,3.95
1662,1.28
1663,1.38
1664,7.24
1665,7.08
1666,13.35
1667,12.86
1668,21.33
1669,17.95
1670,12.32
1671,13.4
1672,14.9
1673,15.4
1674,24.42
1675,18.88
1676,14.75
1677,21.52
1678,18.62
1679,19.96
1680,15.7
1681,13.05
1682,26.08
1683,8.75
1684,19.34
1685,17.33
1686,20.77
1687,17.54
1688,12.89
1689,16.6
1690,15.43
1691,21.34
1692,21.42
1693,20.17
1694,11.5
1695,12.51
1696,16.73
1697,16.13
1698,10.25
1699,16.31
1700,21.07
1701,10.73
1702,19.55
1703,14.79
1704,22.53
1705,10.67
1706,27.52
1707,13.91
1708,17.21
1709,13.53
1710,22.51
1711,31.6
1712,18.63
1713,16.12
1714,19.95
1715,10.05
1716,16.69
1717,26.58
1718,19.15
1719,15.45
1720,10.43
1721,14.96
1722,20.03
1723,16.89
1724,15.1
1725,12.5
1726,19.89
1727,18.61
1728,19.7
1729,11.64
1730,19.07
1731,29.18
1732,18.58
1733,22.95
1734,17.92
1735,14.15
1736,19.9
1737,18.65
1738,19.56
1739,23.02
1740,14.71
1741,15.73
1742,16.11
1743,10.59
1744,11.21
1745,22.93
1746,18.47
1747,47.0
1748,45.1
1749,9.43
1750,16.58
1751,16.56
1752,19.81
1753,12.26
1754,13.8
1755,17.7
1756,7.92
1757,12.83
1758,15.09
1759,11.37
1760,17.87
1761,27.78
1762,21.53
1763,18.0
1764,17.48
1765,33.11
1766,22.4
1767,16.1
1768,14.67
1769,21.69
1770,19.2
1771,13.37
1772,15.36
1773,13.63
1774,16.59
1775,10.08
1776,20.8
1777,24.66
1778,19.37
1779,11.02
1780,15.25
1781,28.71
1782,21.94
1783,22.1
1784,20.16
1785,19.09
1786,21.78
1787,19.75
1788,21.47
1789,8.49
1790,14.19
1791,19.58
1792,13.18
1793,8.84
1794,18.55
1795,19.16
1796,11.78
1797,22.25
1798,17.5
1799,18.38
1800,31.68
1801,21.21
1802,20.98
1803,17.03
1804,23.1
1805,26.16
1806,20.94
1807,21.3
1808,10.01
1809,13.9
1810,27.02
1811,14.2
1812,24.26
1813,14.88
1814,18.02
1815,14.42
1816,21.6
1817,14.39
1818,19.18
1819,23.72
1820,20.62
1821,9.15
1822,21.06
1823,10.11
1824,17.01
1825,12.46
1826,13.08
1827,10.14
1828,27.68
1829,9.38
1830,31.55
1831,22.77
1832,11.94
1833,18.96
1834,21.18
1835,16.07
1836,19.82
1837,19.3
1838,160.8
1839,12.63
1840,18.21
1841,15.96
1842,20.22
1843,28.31
1844,9.59
1845,19.48
1846,18.43
1847,12.72
1848,20.93
1849,15.37
1850,11.61
1851,27.16
1852,23.53
1853,32.6
1854,16.34
1855,14.5
1856,18.68
1857,17.72
1858,12.94
1859,13.25
1860,19.73
1861,14.02
1862,23.71
1863,19.8
1864,16.19
1865,19.21
1866,14.49
1867,19.68
1868,19.78
1869,15.84
1870,10.12
1871,14.6
1872,11.74
1873,12.52
1874,18.92
1875,10.24
1876,18.27
1877,17.97
1878,13.7
1879,15.72
1880,20.42
1881,13.84
1882,14.95
1883,18.51
1884,11.81
1885,23.4
1886,14.7
1887,12.49
1888,21.35
1889,20.06
1890,12.18
1891,11.65
1892,17.02
1893,17.25
1894,21.08
1895,20.92
1896,16.04
1897,26.42
1898,13.43
1899,20.11
1900,15.47
1901,15.94
1902,27.57
1903,20.24
1904,17.2
1905,15.52
1906,20.25
1907,19.94
1908,20.83
1909,14.13
1910,12.27
1911,18.86
1912,19.62
1913,18.2
1914,25.85
1915,15.33
1916,20.18
1917,21.27
1918,22.48
1919,13.58
1920,22.49
1921,18.59
1922,13.1
1923,15.56
1924,20.04
1925,14.17
1926,15.02
1927,17.27
1928,41.55
1929,14.94
1930,20.69
1931,16.24
1932,16.71
1933,13.06
1934,19.52
1935,13.98
1936,13.95
1937,28.83
1938,11.63
1939,16.17
1940,19.77
1941,14.4
1942,15.16
1943,19.0
1944,20.41
1945,14.86
1946,18.94
1947,17.13
1948,15.93
1949,13.96
1950,13.04
1951,12.19
1952,13.76
1953,30.66
1954,21.09
1955,20.88
1956,14.54
1957,20.64
1958,26.25
1959,13.24
1960,21.62
1961,9.58
1962,28.5
1963,15.49
1964,16.52
1965,20.4
1966,17.08
1967,19.5
1968,19.66
1969,26.9
1970,15.22
1971,21.9
1972,19.14
1973,18.7
1974,10.63
1975,15.95
1976,23.16
1977,7.81
1978,22.06
1979,17.88
1980,16.01
1981,13.68
1982,15.78
1983,12.47
1984,15.23
1985,22.41
1986,11.13
1987,7.55
1988,13.0
1989,16.22
1990,20.07
1991,21.7
1992,15.44
1993,20.71
1994,18.33
1995,20.09
1996,17.68
1997,25.39
1998,22.86
1999,18.87
2000,14.8
2001,15.21
2002,8.94
2003,17.65
2004,19.05
2005,19.33
2006,20.9
2007,18.28
2008,12.01
2009,9.89
2010,14.45
2011,16.25
2012,21.58
2013,26.24
2014,21.68
2015,18.6
2016,19.41
2017,22.44
2018,22.02
2019,21.13
2020,18.73
2021,33.6
2022,15.0
2023,15.28
2024,20.73
2025,15.65
2026,16.57
2027,16.36
2028,22.03
2029,17.67
2030,17.75
2031,9.91
2032,14.73
2033,12.08
2034,15.77
2035,11.09
2036,16.99
2037,17.22
2038,18.07
2039,15.6
2040,10.5
2041,17.84
2042,16.87
2043,20.34
2044,16.09
2045,13.67
2046,19.42
2047,14.81
2048,15.32
2049,20.44
2050,15.89
2051,14.06
2052,15.85
2053,18.12
2054,16.0
2055,6.97
2056,16.43
2057,20.79
2058,15.74
2059,17.11
2060,18.72
2061,16.42
2062,15.71
2063,17.96
2064,18.8
2065,21.92
2066,18.76
2067,18.83
2068,14.77
2069,15.64
2070,49.56
2071,8.73
2072,23.69
2073,14.68
2074,21.15
2075,14.89
2076,14.05
2077,21.55
2078,21.44
2079,18.53
2080,13.81
2081,30.22
2082,20.72
2083,31.26
2084,12.12
2085,26.77
2086,13.78
2087,23.15
2088,19.19
2089,20.66
2090,13.07
2091,13.49
2092,40.08
2093,20.05
2094,23.79
2095,17.12
2096,20.87
2097,32.03
2098,27.05
2099,21.88
2100,15.26
2101,45.56
2102,28.14
2103,23.45
2104,20.19
2105,22.29
2106,14.35
2107,23.94
2108,22.63
2109,19.72
2110,28.7
2111,11.99
2112,28.37
2113,12.23
2114,41.91
2115,26.32
2116,17.64
2117,16.38
2118,15.87
2119,28.11
2120,15.55
2121,14.91
2122,21.05
2123,19.13
2124,19.38
2125,13.77
2126,23.0
2127,24.11
2128,15.12
2129,22.39
2130,42.18
2131,20.55
2132,15.04
2133,32.39
2134,16.67
2135,20.76
2136,29.62
2137,21.22
2138,13.31
2139,21.0
2140,16.26
2141,14.43
2142,35.19
2143,25.06
2144,20.36
2145,16.82
2146,26.64
2147,20.33
2148,23.14
2149,21.73
2150,28.4
2151,13.82
2152,12.56
2153,23.42
2154,15.24
2155,15.29
2156,28.0
2157,14.03
2158,13.21
2159,16.65
2160,24.39
2161,24.55
2162,22.28
2163,12.38
2164,27.76
2165,16.93
2166,13.19
2167,22.07
2168,13.41
2169,14.38
2170,15.05
2171,22.69
2172,17.57
2173,25.96
2174,24.6
2175,11.8
2176,11.87
2177,14.34
2178,15.53
2179,15.97
2180,25.08
2181,12.96
2182,19.84
2183,21.45
2184,14.92
2185,21.31
2186,18.09
2187,13.85
2188,20.43
2189,13.15
2190,51.27
2191,14.78
2192,12.61
2193,12.97
2194,20.97
2195,13.36
2196,25.71
2197,15.88
2198,15.92
2199,25.1
2200,29.15
2201,24.7
2202,26.21
2203,23.67
2204,21.49
2205,26.38
2206,25.01
2207,20.51
2208,33.18
2209,24.25
2210,23.9
2211,28.49
2212,24.87
2213,18.77
2214,20.37
2215,14.14
2216,20.91
2217,15.61
2218,14.83
2219,15.91
2220,14.55
2221,15.42
2222,23.33
2223,15.82
2224,21.1
2225,11.89
2226,24.1
2227,30.38
2228,23.2
2229,22.96
2230,16.14
2231,26.33
2232,13.99
2233,22.62
2234,19.1
2235,28.53
2236,19.53
2237,22.7
2238,21.12
2239,28.74
2240,25.55
2241,21.97
2242,21.84
2243,20.75
2244,20.47
2245,19.25
2246,23.7
2247,21.11
2248,21.64
2249,20.85
2250,25.9
2251,38.7
2252,26.34
2253,15.76
2254,22.2
2255,13.11
2256,20.13
2257,27.46
2258,18.56
2259,29.99
2260,32.8
2261,28.61
2262,23.49
2263,13.61
2264,20.63
2265,20.82
2266,21.38
2267,23.38
2268,14.37
2269,22.6
2270,21.48
2271,29.5
2272,33.76
2273,20.65
2274,27.95
2275,20.31
2276,19.12
2277,15.39
2278,20.57
2279,21.5
2280,16.33
2281,14.08
2282,22.33
2283,21.41
2284,25.67
2285,18.66
2286,20.95
2287,184.4
2288,20.0
2289,16.61
2290,27.33
2291,35.1
2292,20.15
2293,22.3
2294,55.01
2295,16.06
2296,21.02
2297,15.58
2298,14.46
2299,21.19
2300,19.61
2301,12.73
2302,14.31
